insert into routes(flightnbr,departure,destination,departuretime,arrivaltime)	values ('LK202','Stockholm','Umea','1055','1155')	
insert into routes(flightnbr,departure,destination,departuretime,arrivaltime)	values ('SK405','Goteborg','Helsingfors','2000','2205')
insert into routes(flightnbr,departure,destination,departuretime,arrivaltime)	values ('VR111','Zurich','Rio de Janeiro','1740','1150')
insert into routes(flightnbr,departure,destination,departuretime,arrivaltime)	values ('LF550','Kopenhamn','Frankfurt a/m','0850','0955')
insert into routes(flightnbr,departure,destination,departuretime,arrivaltime)	values ('BA801','Paris','London','1815','1855')
insert into routes(flightnbr,departure,destination,departuretime,arrivaltime)	values ('AF330','Paris','London','1325','1410')


insert into prices(repayableprice,rebookableprice,redprice,flightnbr)	values(1000,500,400,'LK202')
insert into prices(repayableprice,rebookableprice,redprice,flightnbr)	values(1800,900,750,'SK405')
insert into prices(repayableprice,rebookableprice,redprice,flightnbr)	values(4800,2400,200,'VR111')
insert into prices(repayableprice,rebookableprice,redprice,flightnbr)	values(2200,1100,800,'LF550')
insert into prices(repayableprice,rebookableprice,redprice,flightnbr)	values(1900,950,700,'BA801')
insert into prices(repayableprice,rebookableprice,redprice,flightnbr)	values(1600,800,600,'AF330')


insert into airplanes(name,model,seats) values('Zeus','Boeing 747',250)
insert into airplanes(name,model,seats) values('Hera','Airbus A320',220)
insert into airplanes(name,model,seats) values('Poseidon','Boing 737',110)
insert into airplanes(name,model,seats) values('Ares','MD-81',141)
insert into airplanes(name,model,seats) values('Afrodite','Fokker 100',100)
insert into airplanes(name,model,seats) values('Pallas-Athena','Avro RJ85',82)
insert into airplanes(name,model,seats) values('Hades','Avro RJ85',82)



insert into employees(name,id) values('Jet Rågen','J1')
insert into employees(name,id) values('Bibbi Nelson','B1')
insert into employees(name,id) values('Vera Hensel','V1')
insert into employees(name,id) values('Charlie Channing','C1')
insert into employees(name,id) values('Zebra Wollter','Z1')
insert into employees(name,id) values('Agnes Ungert','A1')
insert into employees(name,id) values('Tennessee Magden','T1')
insert into employees(name,id) values('Eija Merinen','E1')
insert into employees(name,id) values('Ulrika Wales','U1')
insert into employees(name,id) values('Alvar Ihanen','A3')
insert into employees(name,id) values('Lara Esten','L2')
insert into employees(name,id) values('Terese Norman','T2')
insert into employees(name,id) values('Torstein Mattsen','T3')
insert into employees(name,id) values('Vanja Ivanova','V3') 
insert into employees(name,id) values('Emil Urban','E2') 
insert into employees(name,id) values('Tova Svensson','T4')
insert into employees(name,id) values('Amanda Bunkert','A5')
insert into employees(name,id) values('Neil Nelson','N1')
insert into employees(name,id) values('Larry Hegetay','L1')
insert into employees(name,id) values('Gork Getaway','G1')
insert into employees(name,id) values('Amanda Jonsson','A2')
insert into employees(name,id) values('Neil Boston','N2')
insert into employees(name,id) values('Mary Alstedt','M1')
insert into employees(name,id) values('Jouko Uusitalo','J2')
insert into employees(name,id) values('Abraham Omar','A4')
insert into employees(name,id) values('Vassil Papadimitr','V2')
insert into employees(name,id) values('Ugi Abbas','U2')
insert into employees(name,id) values('Michelle Easter','M2')
insert into employees(name,id) values('Mohammed Ebb','M3')



insert into stewardesses(employeenbr,hours_) values('J1',740)
insert into stewardesses(employeenbr,hours_) values('B1',80)
insert into stewardesses(employeenbr,hours_) values('V1',390)
insert into stewardesses(employeenbr,hours_) values('C1',495)
insert into stewardesses(employeenbr,hours_) values('Z1',100)
insert into stewardesses(employeenbr,hours_) values('A1',1200)
insert into stewardesses(employeenbr,hours_) values('E1',800)
insert into stewardesses(employeenbr,hours_) values('T1',910)
insert into stewardesses(employeenbr,hours_) values('U1',200)
insert into stewardesses(employeenbr,hours_) values('A3',800)
insert into stewardesses(employeenbr,hours_) values('L2',500)
insert into stewardesses(employeenbr,hours_) values('T2',600)
insert into stewardesses(employeenbr,hours_) values('T3',400)
insert into stewardesses(employeenbr,hours_) values('V3',1700)
insert into stewardesses(employeenbr,hours_) values('E2',1500)
insert into stewardesses(employeenbr,hours_) values('T4',200)
insert into stewardesses(employeenbr,hours_) values('A5',330)


insert into pilots(employeenbr,hours_) values('N1',2900)
insert into pilots(employeenbr,hours_) values('L1',3400)
insert into pilots(employeenbr,hours_) values('G1',2670)
insert into pilots(employeenbr,hours_) values('A2',3100)
insert into pilots(employeenbr,hours_) values('N2',2125)
insert into pilots(employeenbr,hours_) values('M1',1000)
insert into pilots(employeenbr,hours_) values('J2',1200)
insert into pilots(employeenbr,hours_) values('A4',4000)
insert into pilots(employeenbr,hours_) values('V2',1200)
insert into pilots(employeenbr,hours_) values('U2',4000)
insert into pilots(employeenbr,hours_) values('M2',300)
insert into pilots(employeenbr,hours_) values('M3',400)

insert into flights(flightnbr,date_,stw1,stw2,pilot1,pilot2,airplane) values('LK202','2013-08-01','V1','B1','G1','N2','Pallas-Athena')
insert into flights(flightnbr,date_,stw1,stw2,pilot1,pilot2,airplane) values('LF550','2013-08-01','Z1','U1','L1','A2','Ares')
insert into flights(flightnbr,date_,stw1,stw2,pilot1,pilot2,airplane) values('SK405','2013-08-01','E1','A3','M1','J2','Afrodite')
insert into flights(flightnbr,date_,stw1,stw2,pilot1,pilot2,airplane) values('AF330','2013-08-01','V3','E2','M2','M3','Hera')
insert into flights(flightnbr,date_,stw1,stw2,pilot1,pilot2,airplane) values('LF550','2013-08-02','T1','J1','G1','A4','Zeus')
insert into flights(flightnbr,date_,stw1,stw2,stw3,stw4,pilot1,pilot2,airplane) values('VR111','2013-08-01','J1','A1','T1','L2','N1','A4','Zeus')
insert into flights(flightnbr,date_,stw1,stw2,stw3,pilot1,pilot2,airplane) values('BA801','2013-08-01','C1','T2','T3','V2','U2','Poseidon')

insert into tickets(ticketnbr,price,supervision,flightnbr,date_,seatnbr) values(1,'repayableprice','No','LF550','2013-08-01',1)
insert into tickets(ticketnbr,price,supervision,flightnbr,date_,seatnbr) values(2,'rebookableprice','Yes','LF550','2013-08-01',2)
insert into tickets(ticketnbr,price,supervision,flightnbr,date_,seatnbr) values(3,'rebookableprice','No','SK405','2013-08-01',1)
insert into tickets(ticketnbr,price,supervision,flightnbr,date_,seatnbr) values(4,'rebookableprice','No','SK405','2013-08-01',2)
insert into tickets(ticketnbr,price,supervision,flightnbr,date_,seatnbr) values(5,'repayableprice','Yes','VR111','2013-08-01',1)
insert into tickets(ticketnbr,price,supervision,flightnbr,date_,seatnbr) values(6,'rebookableprice','Yes','BA801','2013-08-01',1)
insert into tickets(ticketnbr,price,supervision,flightnbr,date_,seatnbr) values(7,'repayableprice','No','LK202','2013-08-01',1)
insert into tickets(ticketnbr,price,supervision,flightnbr,date_,seatnbr) values(8,'repayableprice','No','AF330','2013-08-01',1)
insert into tickets(ticketnbr,price,supervision,flightnbr,date_,seatnbr) values(9,'redprice','No','LK202','2013-08-01',2)
insert into tickets(ticketnbr,price,supervision,flightnbr,date_,seatnbr) values(10,'repayableprice','Yes','SK405','2013-08-01',3)
insert into tickets(ticketnbr,price,supervision,flightnbr,date_,seatnbr) values(11,'repayableprice','No','LF550','2013-08-01',3)
insert into tickets(ticketnbr,price,supervision,flightnbr,date_,seatnbr) values(12,'redprice','Yes','VR111','2013-08-01',2)
insert into tickets(ticketnbr,price,supervision,flightnbr,date_,seatnbr) values(13,'rebookableprice','Yes','BA801','2013-08-01',2)
insert into tickets(ticketnbr,price,supervision,flightnbr,date_,seatnbr) values(14,'repayableprice','No','LF550','2013-08-02',4)

insert into passengers(name,type_,ticket) values('Marty Feldman','Man',1)
insert into passengers(name,type_,ticket) values('Jens Christiansen','Man',2)
insert into passengers(name,type_,ticket) values('Martii Turunen','Child',3)
insert into passengers(name,type_,ticket) values('Heino Turunen','Man',4)
insert into passengers(name,type_,ticket) values('Regine Fairchild','Woman',5)
insert into passengers(name,type_,ticket) values('Tina Gottleib','Child',6)
insert into passengers(name,type_,ticket) values('Måns Uman','Man',7)
insert into passengers(name,type_,ticket) values('Collette Ronnan','Woman',8)
insert into passengers(name,type_,ticket) values('Mary Ottoson','Child',9)
insert into passengers(name,type_,ticket) values('Panu Onninen','Child',10)
insert into passengers(name,type_,ticket) values('Gary Eastman','Man',11)
insert into passengers(name,type_,ticket) values('Lorry Argunt','Woman',12)
insert into passengers(name,type_,ticket) values('Jesper Tuborg','Man',13)
insert into passengers(name,type_,ticket) values('Toyota Corolla','Woman',14)

insert into competency(id,plane) values ('J1','Boeing 747')
insert into competency(id,plane) values ('J1','Airbus A320')
insert into competency(id,plane) values ('B1','D-81')
insert into competency(id,plane) values ('B1','Avro RJ85')
insert into competency(id,plane) values ('V1','Avro RJ85')
insert into competency(id,plane) values ('C1','Airbus A320')
insert into competency(id,plane) values ('C1','Boeing 737')
insert into competency(id,plane) values ('Z1','MD-81') 
insert into competency(id,plane) values ('Z1','Boeing 737')
insert into competency(id,plane) values ('A1','Boeing 747')
insert into competency(id,plane) values ('A1','Avro RJ85')
insert into competency(id,plane) values ('A1', 'Boeing 737')
insert into competency(id,plane) values ('E1', 'Fokker 100')
insert into competency(id,plane) values ('E1', 'Boeing 747')
insert into competency(id,plane) values ('E1', 'Avro RJ85')
insert into competency(id,plane) values ('T1','Boeing 747')
insert into competency(id,plane) values ('T1','Boeing 737')
insert into competency(id,plane) values ('U1','MD-81')
insert into competency(id,plane) values ('A3','Fokker 100')
insert into competency(id,plane) values ('A3','Airbus A320')
insert into competency(id,plane) values ('L2','Boeing 747')
insert into competency(id,plane) values ('L2','Avro RJ85')
insert into competency(id,plane) values ('T2','Avro RJ85')
insert into competency(id,plane) values ('T2','Boeing 737')
insert into competency(id,plane) values ('T3','Boeing 737')
insert into competency(id,plane) values ('V3','Airbus A320')
insert into competency(id,plane) values ('V3','Boeing 737')
insert into competency(id,plane) values ('E2','Airbus A320')
insert into competency(id,plane) values ('E2','Boeing 747')
insert into competency(id,plane) values ('T4','MD-81')
insert into competency(id,plane) values ('T4','Boeing 737')
insert into competency(id,plane) values ('A5','MD-81')
insert into competency(id,plane) values ('A5','Boeing 737')
insert into competency(id,plane) values ('N1','Boeing 747')
insert into competency(id,plane) values ('N1','Avro RJ85')
insert into competency(id,plane) values ('L1','Boeing 737')
insert into competency(id,plane) values ('L1','Airbus A320')
insert into competency(id,plane) values ('L1', 'MD-81')
insert into competency(id,plane) values ('G1','Boeing 747')
insert into competency(id,plane) values ('G1','MD-81')
insert into competency(id,plane) values ('G1', 'Avro RJ85')
insert into competency(id,plane) values ('A2','Boeing 737')
insert into competency(id,plane) values ('A2','Airbus A320')
insert into competency(id,plane) values ('A2','MD-81')
insert into competency(id,plane) values ('N2','Airbus A320')
insert into competency(id,plane) values ('N2','Boeing 747')
insert into competency(id,plane) values ('N2', 'Avro RJ85')
insert into competency(id,plane) values ('M1','Fokker 100')
insert into competency(id,plane) values ('J2','Fokker 100')
insert into competency(id,plane) values ('J2','Avro RJ85')
insert into competency(id,plane) values ('A4','Boeing 747')
insert into competency(id,plane) values ('V2','Boeing 737')
insert into competency(id,plane) values ('V2','Boeing 747')
insert into competency(id,plane) values ('U2','Boeing 737')
insert into competency(id,plane) values ('U2','Airbus A320')
insert into competency(id,plane) values ('M2','Airbus A320')
insert into competency(id,plane) values ('M3','Airbus A320')
